id,uri,observed_on,time_observed_at,scientific_name,common_name,rank,taxon_id,iconic_taxon,family,quality_grade,identifications_count,num_agreements,phenology,lat,lng,positional_accuracy,place_guess,photo_count,first_photo
353345277,https://www.inaturalist.org/observations/353345277,2026-04-25,2026-04-25T10:27:14+08:00,Gardenia jasminoides,山黃梔,species,210990,Plantae,Rubiaceae,research,1,1,,24.9659915355,121.625001985,2,"Shiding District, New Taipei City, TW",3,https://inaturalist-open-data.s3.amazonaws.com/photos/644747230/medium.jpg
353345653,https://www.inaturalist.org/observations/353345653,2026-04-25,2026-04-25T10:31:02+08:00,Elaeocarpus decipiens,杜英,species,428622,Plantae,Elaeocarpaceae,needs_id,0,0,,24.9659970835,121.6250107855,4,"Shiding District, New Taipei City, TW",4,https://inaturalist-open-data.s3.amazonaws.com/photos/644747743/medium.jpg
353345837,https://www.inaturalist.org/observations/353345837,2026-04-25,2026-04-25T10:46:14+08:00,Elaeocarpus decipiens,杜英,species,428622,Plantae,Elaeocarpaceae,needs_id,0,0,,24.9660216727,121.6249860456,3,"New Taipei, TW-NT-TP, TW",2,https://inaturalist-open-data.s3.amazonaws.com/photos/644748084/medium.jpg
353346276,https://www.inaturalist.org/observations/353346276,2026-04-25,2026-04-25T11:02:09+08:00,Ardisia cornudentata,雨傘仔,species,570387,Plantae,Primulaceae,research,2,2,,24.96623573,121.6249902866,4,"New Taipei, TW-NT-TP, TW",2,https://inaturalist-open-data.s3.amazonaws.com/photos/644748696/medium.jpg
353346452,https://www.inaturalist.org/observations/353346452,2026-04-25,2026-04-25T11:03:53+08:00,Antidesma japonicum,日本五月茶,species,556896,Plantae,Phyllanthaceae,needs_id,0,0,,24.9662474107,121.6249441189,3,"New Taipei, TW-NT-TP, TW",2,https://inaturalist-open-data.s3.amazonaws.com/photos/644748933/medium.jpg
353346559,https://www.inaturalist.org/observations/353346559,2026-04-25,2026-04-25T11:11:05+08:00,Trachelospermum asiaticum,細梗絡石,species,349229,Plantae,Apocynaceae,needs_id,0,0,,24.9663172163,121.6248638081,7,"New Taipei, TW-NT-TP, TW",5,https://inaturalist-open-data.s3.amazonaws.com/photos/644749162/medium.jpg
353346723,https://www.inaturalist.org/observations/353346723,2026-04-25,2026-04-25T11:16:19+08:00,Machilus thunbergii,紅楠,species,341952,Plantae,Lauraceae,needs_id,0,0,,24.9663197427,121.6248978617,3,"New Taipei, TW-NT-TP, TW",2,https://inaturalist-open-data.s3.amazonaws.com/photos/644749421/medium.jpg
353347000,https://www.inaturalist.org/observations/353347000,2026-04-25,2026-04-25T11:21:09+08:00,Freycinetia formosana,山露兜,species,577766,Plantae,Pandanaceae,research,1,1,,24.9663084946,121.6248673799,6,"New Taipei, TW-NT-TP, TW",2,https://inaturalist-open-data.s3.amazonaws.com/photos/644749887/medium.jpg
353347217,https://www.inaturalist.org/observations/353347217,2026-04-25,2026-04-25T11:22:12+08:00,Quercus glauca,青剛櫟,species,191183,Plantae,Fagaceae,research,1,1,,24.9663670304,121.6248141906,4,"New Taipei, TW-NT-TP, TW",2,https://inaturalist-open-data.s3.amazonaws.com/photos/644750228/medium.jpg
353347793,https://www.inaturalist.org/observations/353347793,2026-04-25,2026-04-25T11:23:26+08:00,Antidesma japonicum,日本五月茶,species,556896,Plantae,Phyllanthaceae,needs_id,0,0,,24.9663474788,121.6247635922,8,"New Taipei, TW-NT-TP, TW",5,https://inaturalist-open-data.s3.amazonaws.com/photos/644750920/medium.jpg
353348014,https://www.inaturalist.org/observations/353348014,2026-04-25,2026-04-25T11:29:17+08:00,Diospyros morrisiana,山紅柿,species,425419,Plantae,Ebenaceae,needs_id,0,0,,24.9663280683,121.6247051993,3,"Shiding District, New Taipei City, TW",2,https://inaturalist-open-data.s3.amazonaws.com/photos/644751503/medium.jpg
353348534,https://www.inaturalist.org/observations/353348534,2026-04-25,2026-04-25T11:30:59+08:00,Psychotria asiatica,九節木,species,427363,Plantae,Rubiaceae,needs_id,0,0,,24.9663280683,121.6247051993,3,"Shiding District, New Taipei City, TW",4,https://inaturalist-open-data.s3.amazonaws.com/photos/644752312/medium.jpg
353348707,https://www.inaturalist.org/observations/353348707,2026-04-25,2026-04-25T11:35:08+08:00,Mallotus paniculatus,白匏子,species,343804,Plantae,Euphorbiaceae,needs_id,0,0,,24.966331433,121.6246633445,4,"Shiding District, New Taipei City, TW",1,https://inaturalist-open-data.s3.amazonaws.com/photos/644752720/medium.jpg
353349091,https://www.inaturalist.org/observations/353349091,2026-04-25,2026-04-25T11:36:51+08:00,Glochidion acuminatum,裏白饅頭果,species,774040,Plantae,Phyllanthaceae,needs_id,0,0,,24.966331433,121.6246633445,4,"Shiding District, New Taipei City, TW",3,https://inaturalist-open-data.s3.amazonaws.com/photos/644753270/medium.jpg
353349448,https://www.inaturalist.org/observations/353349448,2026-04-25,2026-04-25T11:39:57+08:00,Pyrenaria microcarpa,烏皮茶,species,787036,Plantae,Theaceae,needs_id,0,0,,24.9664415285,121.6248262493,440,"Shiding District, New Taipei City, TW",2,https://inaturalist-open-data.s3.amazonaws.com/photos/644753927/medium.jpg
353349715,https://www.inaturalist.org/observations/353349715,2026-04-25,2026-04-25T11:42:21+08:00,Quercus glauca,青剛櫟,species,191183,Plantae,Fagaceae,research,1,1,,24.9663872686,121.6246272944,3,"Shiding District, New Taipei City, TW",3,https://inaturalist-open-data.s3.amazonaws.com/photos/644754309/medium.jpg
353349962,https://www.inaturalist.org/observations/353349962,2026-04-25,2026-04-25T11:45:12+08:00,Morella rubra,楊梅,species,551083,Plantae,Myricaceae,needs_id,0,0,,24.9663817727,121.6245511834,4,"Shiding District, New Taipei City, TW",3,https://inaturalist-open-data.s3.amazonaws.com/photos/644754843/medium.jpg
353350191,https://www.inaturalist.org/observations/353350191,2026-04-25,2026-04-25T11:47:38+08:00,Psychotria asiatica,九節木,species,427363,Plantae,Rubiaceae,needs_id,0,0,,24.9663784822,121.6245407347,6,"Shiding District, New Taipei City, TW",2,https://inaturalist-open-data.s3.amazonaws.com/photos/644755196/medium.jpg
353350343,https://www.inaturalist.org/observations/353350343,2026-04-25,2026-04-25T11:48:49+08:00,Calamus formosanus,黃藤,species,364884,Plantae,Arecaceae,needs_id,0,0,,24.9664071974,121.624484535,4,"New Taipei, TW-NT-TP, TW",1,https://inaturalist-open-data.s3.amazonaws.com/photos/644755430/medium.jpg
353350545,https://www.inaturalist.org/observations/353350545,2026-04-25,2026-04-25T11:50:15+08:00,Meliosma squamulata,綠樟,species,556015,Plantae,Sabiaceae,research,1,1,,24.9664214405,121.6244674921,4,"New Taipei, TW-NT-TP, TW",3,https://inaturalist-open-data.s3.amazonaws.com/photos/644755663/medium.jpg
353350786,https://www.inaturalist.org/observations/353350786,2026-04-25,2026-04-25T11:54:41+08:00,Ilex maximowicziana,倒卵葉冬青,species,708970,Plantae,Aquifoliaceae,needs_id,0,0,,24.9664338451,121.6244346305,6,"New Taipei, TW-NT-TP, TW",2,https://inaturalist-open-data.s3.amazonaws.com/photos/644756080/medium.jpg
353351043,https://www.inaturalist.org/observations/353351043,2026-04-25,2026-04-25T11:55:53+08:00,Ardisia quinquegona,小葉樹杞,species,570186,Plantae,Primulaceae,needs_id,0,0,,24.9664569382,121.6243558763,10,"Shiding District, New Taipei City, TW",2,https://inaturalist-open-data.s3.amazonaws.com/photos/644756540/medium.jpg
353351321,https://www.inaturalist.org/observations/353351321,2026-04-25,2026-04-25T11:57:54+08:00,Rhododendron latoucheae,西施花,species,348980,Plantae,Ericaceae,needs_id,0,0,,24.9664707316,121.6243169202,4,"Shiding District, New Taipei City, TW",3,https://inaturalist-open-data.s3.amazonaws.com/photos/644757018/medium.jpg
353351644,https://www.inaturalist.org/observations/353351644,2026-04-25,2026-04-25T11:59:49+08:00,Diospyros morrisiana,山紅柿,species,425419,Plantae,Ebenaceae,needs_id,0,0,,24.9664916168,121.6242913191,4,"Shiding District, New Taipei City, TW",3,https://inaturalist-open-data.s3.amazonaws.com/photos/644757476/medium.jpg
353351788,https://www.inaturalist.org/observations/353351788,2026-04-25,2026-04-25T12:02:59+08:00,Fissistigma oldhamii,瓜馥木,species,633687,Plantae,Annonaceae,needs_id,0,0,,24.9664698242,121.6242598081,3,"Shiding District, New Taipei City, TW",2,https://inaturalist-open-data.s3.amazonaws.com/photos/644757701/medium.jpg
353386929,https://www.inaturalist.org/observations/353386929,2026-04-25,2026-04-25T12:04:02+08:00,Ardisia sieboldii,樹杞,species,430679,Plantae,Primulaceae,needs_id,0,0,,24.9665369269,121.6242052083,5,"Shiding District, New Taipei City, TW",3,https://inaturalist-open-data.s3.amazonaws.com/photos/644811082/medium.jpg
353387038,https://www.inaturalist.org/observations/353387038,2026-04-25,2026-04-25T12:05:59+08:00,Prunus phaeosticta,墨點櫻桃,species,425425,Plantae,Rosaceae,needs_id,0,0,,24.9689667643,121.6255549961,1594,"Shiding District, New Taipei City, TW",2,https://inaturalist-open-data.s3.amazonaws.com/photos/644811256/medium.jpg
353387134,https://www.inaturalist.org/observations/353387134,2026-04-25,2026-04-25T12:07:40+08:00,Ilex maximowicziana,倒卵葉冬青,species,708970,Plantae,Aquifoliaceae,needs_id,0,0,,24.9666015252,121.6240494877,4,"Shiding District, New Taipei City, TW",2,https://inaturalist-open-data.s3.amazonaws.com/photos/644811419/medium.jpg
353387213,https://www.inaturalist.org/observations/353387213,2026-04-25,2026-04-25T12:09:13+08:00,Machilus thunbergii,紅楠,species,341952,Plantae,Lauraceae,needs_id,0,0,,24.9666169694,121.6240361989,4,"Shiding District, New Taipei City, TW",2,https://inaturalist-open-data.s3.amazonaws.com/photos/644811578/medium.jpg
353387311,https://www.inaturalist.org/observations/353387311,2026-04-25,2026-04-25T12:09:46+08:00,Maesa perlaria formosana,臺灣山桂花,variety,700177,Plantae,Primulaceae,needs_id,0,0,,24.9666169694,121.6240361989,4,"Shiding District, New Taipei City, TW",2,https://inaturalist-open-data.s3.amazonaws.com/photos/644811723/medium.jpg
353387366,https://www.inaturalist.org/observations/353387366,2026-04-25,2026-04-25T12:11:43+08:00,Calamus formosanus,黃藤,species,364884,Plantae,Arecaceae,needs_id,0,0,,24.9666484378,121.6240106729,4,"Shiding District, New Taipei City, TW",1,https://inaturalist-open-data.s3.amazonaws.com/photos/644811851/medium.jpg
353387455,https://www.inaturalist.org/observations/353387455,2026-04-25,2026-04-25T12:12:02+08:00,Wendlandia formosana,水金京,species,705297,Plantae,Rubiaceae,needs_id,0,0,,24.9666484378,121.6240106729,4,"Shiding District, New Taipei City, TW",2,https://inaturalist-open-data.s3.amazonaws.com/photos/644811990/medium.jpg
353387586,https://www.inaturalist.org/observations/353387586,2026-04-25,2026-04-25T12:14:04+08:00,Gardenia jasminoides,山黃梔,species,210990,Plantae,Rubiaceae,research,1,1,,24.9666667684,121.6239205945,9,"Shiding District, New Taipei City, TW",4,https://inaturalist-open-data.s3.amazonaws.com/photos/644812177/medium.jpg
353387677,https://www.inaturalist.org/observations/353387677,2026-04-25,2026-04-25T12:16:48+08:00,Symplocos glauca,山羊耳,species,710221,Plantae,Symplocaceae,research,1,1,,24.9667143628,121.623890039,4,"Shiding District, New Taipei City, TW",2,https://inaturalist-open-data.s3.amazonaws.com/photos/644812351/medium.jpg
353387788,https://www.inaturalist.org/observations/353387788,2026-04-25,2026-04-25T12:18:27+08:00,Trachelospermum asiaticum,細梗絡石,species,349229,Plantae,Apocynaceae,needs_id,0,0,,24.9667472998,121.6238386499,6,"Shiding District, New Taipei City, TW",2,https://inaturalist-open-data.s3.amazonaws.com/photos/644812497/medium.jpg
353387878,https://www.inaturalist.org/observations/353387878,2026-04-25,2026-04-25T12:20:16+08:00,Diospyros morrisiana,山紅柿,species,425419,Plantae,Ebenaceae,needs_id,0,0,,24.9668254848,121.6238776411,446,"Shiding District, New Taipei City, TW",1,https://inaturalist-open-data.s3.amazonaws.com/photos/644812610/medium.jpg
353387972,https://www.inaturalist.org/observations/353387972,2026-04-25,2026-04-25T12:21:02+08:00,Helicia cochinchinensis,紅葉樹,species,774568,Plantae,Proteaceae,research,1,1,,24.9667719378,121.6238231024,4,"Shiding District, New Taipei City, TW",2,https://inaturalist-open-data.s3.amazonaws.com/photos/644812733/medium.jpg
353388079,https://www.inaturalist.org/observations/353388079,2026-04-25,2026-04-25T12:22:27+08:00,Diospyros morrisiana,山紅柿,species,425419,Plantae,Ebenaceae,needs_id,0,0,,24.9672383831,121.623751668,580,"Shiding District, New Taipei City, TW",1,https://inaturalist-open-data.s3.amazonaws.com/photos/644812863/medium.jpg
353388157,https://www.inaturalist.org/observations/353388157,2026-04-25,2026-04-25T12:24:55+08:00,Clerodendrum cyrtophyllum,大青,species,472981,Plantae,Lamiaceae,needs_id,0,0,,24.9668316123,121.6237044202,5,"Shiding District, New Taipei City, TW",2,https://inaturalist-open-data.s3.amazonaws.com/photos/644812967/medium.jpg
353388235,https://www.inaturalist.org/observations/353388235,2026-04-25,2026-04-25T12:25:34+08:00,Hydrangea chinensis,華八仙,species,905567,Plantae,Hydrangeaceae,research,1,1,,24.9668195099,121.62343351,8,"Shiding District, New Taipei City, TW",2,https://inaturalist-open-data.s3.amazonaws.com/photos/644813088/medium.jpg
353388316,https://www.inaturalist.org/observations/353388316,2026-04-25,2026-04-25T12:32:00+08:00,Glochidion rubrum,細葉饅頭果,species,340544,Plantae,Phyllanthaceae,needs_id,0,0,,24.9668267243,121.623380672,9,"Shiding District, New Taipei City, TW",2,https://inaturalist-open-data.s3.amazonaws.com/photos/644813208/medium.jpg
353388439,https://www.inaturalist.org/observations/353388439,2026-04-25,2026-04-25T12:33:36+08:00,Eurya chinensis,米碎柃木,species,1040318,Plantae,Pentaphylacaceae,needs_id,0,0,,24.9668590137,121.6233798815,6,"Shiding District, New Taipei City, TW",3,https://inaturalist-open-data.s3.amazonaws.com/photos/644813352/medium.jpg
353388557,https://www.inaturalist.org/observations/353388557,2026-04-25,2026-04-25T12:41:41+08:00,Glochidion acuminatum,裏白饅頭果,species,774040,Plantae,Phyllanthaceae,needs_id,0,0,,24.9668909113,121.6234917832,9,"Shiding District, New Taipei City, TW",2,https://inaturalist-open-data.s3.amazonaws.com/photos/644813521/medium.jpg
353388682,https://www.inaturalist.org/observations/353388682,2026-04-25,2026-04-25T12:45:03+08:00,Ardisia sieboldii,樹杞,species,430679,Plantae,Primulaceae,research,1,1,,24.9668626918,121.6233446833,8,"Shiding District, New Taipei City, TW",3,https://inaturalist-open-data.s3.amazonaws.com/photos/644813734/medium.jpg
353388788,https://www.inaturalist.org/observations/353388788,2026-04-25,2026-04-25T12:46:03+08:00,Ilex asprella,燈稱花,species,556243,Plantae,Aquifoliaceae,research,1,1,,24.9668626918,121.6233446833,8,"Shiding District, New Taipei City, TW",2,https://inaturalist-open-data.s3.amazonaws.com/photos/644813880/medium.jpg
353388859,https://www.inaturalist.org/observations/353388859,2026-04-25,2026-04-25T12:48:03+08:00,Arenga engleri,山棕,species,180178,Plantae,Arecaceae,needs_id,0,0,,24.9668853975,121.6232603305,5,"Shiding District, New Taipei City, TW",1,https://inaturalist-open-data.s3.amazonaws.com/photos/644814012/medium.jpg
353388952,https://www.inaturalist.org/observations/353388952,2026-04-25,2026-04-25T12:48:23+08:00,Diospyros eriantha,軟毛柿,species,596515,Plantae,Ebenaceae,research,1,1,,24.9668853975,121.6232603305,5,"Shiding District, New Taipei City, TW",2,https://inaturalist-open-data.s3.amazonaws.com/photos/644814109/medium.jpg
353389050,https://www.inaturalist.org/observations/353389050,2026-04-25,2026-04-25T12:49:26+08:00,Diospyros morrisiana,山紅柿,species,425419,Plantae,Ebenaceae,needs_id,0,0,,24.9668824911,121.6231870842,4,"Shiding District, New Taipei City, TW",2,https://inaturalist-open-data.s3.amazonaws.com/photos/644814236/medium.jpg
353389208,https://www.inaturalist.org/observations/353389208,2026-04-25,2026-04-25T12:52:39+08:00,Camellia brevistyla,短柱山茶,species,764696,Plantae,Theaceae,needs_id,0,0,,24.9669087991,121.6231780254,5,"Shiding District, New Taipei City, TW",2,https://inaturalist-open-data.s3.amazonaws.com/photos/644814457/medium.jpg
353389306,https://www.inaturalist.org/observations/353389306,2026-04-25,2026-04-25T12:55:22+08:00,Glochidion rubrum,細葉饅頭果,species,340544,Plantae,Phyllanthaceae,needs_id,0,0,,24.9669231533,121.6230492803,7,"Shiding District, New Taipei City, TW",3,https://inaturalist-open-data.s3.amazonaws.com/photos/644814600/medium.jpg
353389373,https://www.inaturalist.org/observations/353389373,2026-04-25,2026-04-25T12:58:57+08:00,Freycinetia formosana,山露兜,species,577766,Plantae,Pandanaceae,research,1,1,,24.9669566613,121.6230595027,4,"Shiding District, New Taipei City, TW",1,https://inaturalist-open-data.s3.amazonaws.com/photos/644814737/medium.jpg
353389464,https://www.inaturalist.org/observations/353389464,2026-04-25,2026-04-25T12:59:34+08:00,Quercus glauca,青剛櫟,species,191183,Plantae,Fagaceae,research,1,1,,24.9669815774,121.6230273101,7,"Shiding District, New Taipei City, TW",2,https://inaturalist-open-data.s3.amazonaws.com/photos/644814845/medium.jpg
353389596,https://www.inaturalist.org/observations/353389596,2026-04-25,2026-04-25T13:03:01+08:00,Quercus sessilifolia,毽子櫟,species,627203,Plantae,Fagaceae,research,1,1,,24.9669880239,121.6229978313,9,"Shiding District, New Taipei City, TW",4,https://inaturalist-open-data.s3.amazonaws.com/photos/644815020/medium.jpg
353389748,https://www.inaturalist.org/observations/353389748,2026-04-25,2026-04-25T13:04:07+08:00,Rhododendron oldhamii,金毛杜鵑,species,602160,Plantae,Ericaceae,research,1,1,,24.9669864484,121.6229090179,8,"Shiding District, New Taipei City, TW",3,https://inaturalist-open-data.s3.amazonaws.com/photos/644815648/medium.jpg
353390239,https://www.inaturalist.org/observations/353390239,2026-04-25,2026-04-25T13:09:31+08:00,Lithocarpus brevicaudatus,短尾葉石櫟,species,903695,Plantae,Fagaceae,research,1,1,,24.966968437,121.6229315599,4,"Shiding District, New Taipei City, TW",2,https://inaturalist-open-data.s3.amazonaws.com/photos/644815880/medium.jpg
353390347,https://www.inaturalist.org/observations/353390347,2026-04-25,2026-04-25T13:10:20+08:00,Dendropanax dentigerus,樹參,species,602257,Plantae,Araliaceae,needs_id,0,0,,24.966968437,121.6229315599,4,"Shiding District, New Taipei City, TW",3,https://inaturalist-open-data.s3.amazonaws.com/photos/644816060/medium.jpg
353390415,https://www.inaturalist.org/observations/353390415,2026-04-25,2026-04-25T13:11:43+08:00,Meliosma rigida,筆羅子,species,1025914,Plantae,Sabiaceae,research,1,1,,24.9669937343,121.6228902777,4,"Shiding District, New Taipei City, TW",2,https://inaturalist-open-data.s3.amazonaws.com/photos/644816216/medium.jpg
353390513,https://www.inaturalist.org/observations/353390513,2026-04-25,2026-04-25T13:12:51+08:00,Arenga engleri,山棕,species,180178,Plantae,Arecaceae,needs_id,0,0,,24.9671870015,121.6228573212,582,"Shiding District, New Taipei City, TW",1,https://inaturalist-open-data.s3.amazonaws.com/photos/644816346/medium.jpg
353390658,https://www.inaturalist.org/observations/353390658,2026-04-25,2026-04-25T13:13:41+08:00,Castanopsis carlesii,長尾栲,species,556549,Plantae,Fagaceae,research,1,1,,24.9670378263,121.6228186501,9,"Shiding District, New Taipei City, TW",4,https://inaturalist-open-data.s3.amazonaws.com/photos/644816548/medium.jpg
353390742,https://www.inaturalist.org/observations/353390742,2026-04-25,2026-04-25T13:16:32+08:00,Quercus sessilifolia,毽子櫟,species,627203,Plantae,Fagaceae,research,1,1,,24.9670454556,121.622842012,4,"Shiding District, New Taipei City, TW",2,https://inaturalist-open-data.s3.amazonaws.com/photos/644816712/medium.jpg
353390856,https://www.inaturalist.org/observations/353390856,2026-04-25,2026-04-25T13:20:29+08:00,Ligustrum liukiuense,琉球女貞,species,705322,Plantae,Oleaceae,needs_id,0,0,,24.9670718701,121.6227246412,9,"Shiding District, New Taipei City, TW",3,https://inaturalist-open-data.s3.amazonaws.com/photos/644816834/medium.jpg
353392846,https://www.inaturalist.org/observations/353392846,2026-04-25,2026-04-25T13:23:25+08:00,Symplocos theophrastifolia,山豬肝,species,1664170,Plantae,Symplocaceae,research,1,1,,24.9671077632,121.62272276,4,"Shiding District, New Taipei City, TW",2,https://inaturalist-open-data.s3.amazonaws.com/photos/644819679/medium.jpg
353392943,https://www.inaturalist.org/observations/353392943,2026-04-25,2026-04-25T13:24:48+08:00,Acer serrulatum,青楓,species,704074,Plantae,Sapindaceae,needs_id,0,0,,24.9671327092,121.6225926841,12,"Shiding District, New Taipei City, TW",2,https://inaturalist-open-data.s3.amazonaws.com/photos/644819854/medium.jpg
353393045,https://www.inaturalist.org/observations/353393045,2026-04-25,2026-04-25T13:28:08+08:00,Daphniphyllum pentandrum,虎皮楠（交讓木）,species,930304,Plantae,Daphniphyllaceae,needs_id,0,0,,24.9671203204,121.6226015205,9,"Shiding District, New Taipei City, TW",2,https://inaturalist-open-data.s3.amazonaws.com/photos/644820011/medium.jpg
353393156,https://www.inaturalist.org/observations/353393156,2026-04-25,2026-04-25T13:31:02+08:00,Ilex formosana,糊樗,species,708967,Plantae,Aquifoliaceae,needs_id,0,0,,24.9671855636,121.6222911383,9,"Shiding District, New Taipei City, TW",2,https://inaturalist-open-data.s3.amazonaws.com/photos/644920975/medium.jpg
353457366,https://www.inaturalist.org/observations/353457366,2026-04-25,2026-04-25T13:33:29+08:00,Actinidia rufa,山梨獼猴桃,species,544075,Plantae,Actinidiaceae,needs_id,0,0,,24.9672144274,121.6222747243,3,"Shiding District, New Taipei City, TW",1,https://inaturalist-open-data.s3.amazonaws.com/photos/644921205/medium.jpg
353457540,https://www.inaturalist.org/observations/353457540,2026-04-25,2026-04-25T13:34:37+08:00,Lithocarpus brevicaudatus,短尾葉石櫟,species,903695,Plantae,Fagaceae,research,1,1,,24.9672202849,121.6221359081,8,"Shiding District, New Taipei City, TW",3,https://inaturalist-open-data.s3.amazonaws.com/photos/644921472/medium.jpg
353457676,https://www.inaturalist.org/observations/353457676,2026-04-25,2026-04-25T13:39:26+08:00,Ficus erecta,牛奶榕,species,357816,Plantae,Moraceae,needs_id,0,0,,24.9672527688,121.6221617066,4,"Shiding District, New Taipei City, TW",2,https://inaturalist-open-data.s3.amazonaws.com/photos/644921708/medium.jpg
353457810,https://www.inaturalist.org/observations/353457810,2026-04-25,2026-04-25T13:41:06+08:00,Urceola rosea,酸藤,species,556427,Plantae,Apocynaceae,research,1,1,,24.9672207297,121.6220580724,7,"Shiding District, New Taipei City, TW",1,https://inaturalist-open-data.s3.amazonaws.com/photos/644921927/medium.jpg
353458002,https://www.inaturalist.org/observations/353458002,2026-04-25,2026-04-25T13:43:24+08:00,Ilex maximowicziana,倒卵葉冬青,species,708970,Plantae,Aquifoliaceae,needs_id,0,0,,24.9671383803,121.6219296661,5,"Shiding District, New Taipei City, TW",3,https://inaturalist-open-data.s3.amazonaws.com/photos/644922245/medium.jpg
353458201,https://www.inaturalist.org/observations/353458201,2026-04-25,2026-04-25T13:45:30+08:00,Hydrangea chinensis,華八仙,species,905567,Plantae,Hydrangeaceae,research,1,1,,24.9671959861,121.6219363413,4,"Shiding District, New Taipei City, TW",2,https://inaturalist-open-data.s3.amazonaws.com/photos/644922518/medium.jpg
353458385,https://www.inaturalist.org/observations/353458385,2026-04-25,2026-04-25T13:46:05+08:00,Quercus salicina,白背櫟,species,448270,Plantae,Fagaceae,research,1,1,,24.9671959861,121.6219363413,4,"Shiding District, New Taipei City, TW",2,https://inaturalist-open-data.s3.amazonaws.com/photos/644922806/medium.jpg
353458502,https://www.inaturalist.org/observations/353458502,2026-04-25,2026-04-25T13:47:32+08:00,Sageretia randaiensis,巒大雀梅藤,species,774384,Plantae,Rhamnaceae,needs_id,0,0,,24.9670069198,121.6215676837,375,"Shiding District, New Taipei City, TW",1,https://inaturalist-open-data.s3.amazonaws.com/photos/644923007/medium.jpg
353458663,https://www.inaturalist.org/observations/353458663,2026-04-25,2026-04-25T13:48:02+08:00,Meliosma rigida,筆羅子,species,1025914,Plantae,Sabiaceae,research,1,1,,24.9671364142,121.6218683137,6,"Shiding District, New Taipei City, TW",2,https://inaturalist-open-data.s3.amazonaws.com/photos/644923260/medium.jpg
353458847,https://www.inaturalist.org/observations/353458847,2026-04-25,2026-04-25T13:49:33+08:00,Syzygium elliptifolium,橢圓葉赤楠,species,884283,Plantae,Myrtaceae,needs_id,0,0,,24.967152311,121.6218694459,2,"Shiding District, New Taipei City, TW",2,https://inaturalist-open-data.s3.amazonaws.com/photos/644923540/medium.jpg
353458968,https://www.inaturalist.org/observations/353458968,2026-04-25,2026-04-25T13:50:32+08:00,Elaeagnus thunbergii,鄧氏胡頹子,species,603652,Plantae,Elaeagnaceae,needs_id,0,0,,24.967152311,121.6218694459,2,"Shiding District, New Taipei City, TW",2,https://inaturalist-open-data.s3.amazonaws.com/photos/644923825/medium.jpg
353459161,https://www.inaturalist.org/observations/353459161,2026-04-25,2026-04-25T13:51:33+08:00,Quercus salicina,白背櫟,species,448270,Plantae,Fagaceae,research,1,1,,24.967152311,121.6218694459,2,"Shiding District, New Taipei City, TW",3,https://inaturalist-open-data.s3.amazonaws.com/photos/644924117/medium.jpg
353459363,https://www.inaturalist.org/observations/353459363,2026-04-25,2026-04-25T13:53:23+08:00,Dendropanax dentigerus,樹參,species,602257,Plantae,Araliaceae,needs_id,0,0,,24.9671456428,121.6215997065,9,"Shiding District, New Taipei City, TW",2,https://inaturalist-open-data.s3.amazonaws.com/photos/644924436/medium.jpg
353459550,https://www.inaturalist.org/observations/353459550,2026-04-25,2026-04-25T13:58:13+08:00,Machilus thunbergii,紅楠,species,341952,Plantae,Lauraceae,needs_id,0,0,,24.9672305782,121.6213813994,3,"Shiding District, New Taipei City, TW",3,https://inaturalist-open-data.s3.amazonaws.com/photos/644924765/medium.jpg
353459754,https://www.inaturalist.org/observations/353459754,2026-04-25,2026-04-25T14:05:09+08:00,Berchemia formosana,臺灣黃鱔藤,species,742967,Plantae,Rhamnaceae,needs_id,0,0,,24.9673700181,121.6212031435,7,"Shiding District, New Taipei City, TW",3,https://inaturalist-open-data.s3.amazonaws.com/photos/644925108/medium.jpg
353459958,https://www.inaturalist.org/observations/353459958,2026-04-25,2026-04-25T14:06:22+08:00,Viburnum luzonicum,呂宋莢蒾,species,604293,Plantae,Viburnaceae,needs_id,0,0,,24.9673651209,121.6211969705,7,"Shiding District, New Taipei City, TW",3,https://inaturalist-open-data.s3.amazonaws.com/photos/644925558/medium.jpg
353460173,https://www.inaturalist.org/observations/353460173,2026-04-25,2026-04-25T14:08:05+08:00,Antidesma japonicum,日本五月茶,species,556896,Plantae,Phyllanthaceae,needs_id,0,0,,24.9673925424,121.6211805237,5,"Shiding District, New Taipei City, TW",2,https://inaturalist-open-data.s3.amazonaws.com/photos/644925889/medium.jpg
353460432,https://www.inaturalist.org/observations/353460432,2026-04-25,2026-04-25T14:09:49+08:00,Elaeocarpus japonicus,薯豆,species,570931,Plantae,Elaeocarpaceae,needs_id,0,0,,24.9673577309,121.6210142525,8,"Shiding District, New Taipei City, TW",3,https://inaturalist-open-data.s3.amazonaws.com/photos/644926231/medium.jpg
353460563,https://www.inaturalist.org/observations/353460563,2026-04-25,2026-04-25T14:12:53+08:00,Psychotria serpens,拎壁龍,species,425191,Plantae,Rubiaceae,research,1,1,,24.967399613,121.620967107,6,"Shiding District, New Taipei City, TW",1,https://inaturalist-open-data.s3.amazonaws.com/photos/644926500/medium.jpg
353460702,https://www.inaturalist.org/observations/353460702,2026-04-25,2026-04-25T14:13:28+08:00,Prunus phaeosticta,墨點櫻桃,species,425425,Plantae,Rosaceae,needs_id,0,0,,24.9673980168,121.6209592087,2,"Shiding District, New Taipei City, TW",2,https://inaturalist-open-data.s3.amazonaws.com/photos/644926750/medium.jpg
353460976,https://www.inaturalist.org/observations/353460976,2026-04-25,2026-04-25T14:15:14+08:00,Morella rubra,楊梅,species,551083,Plantae,Myricaceae,needs_id,0,0,,24.9673893969,121.620941537,9,"Shiding District, New Taipei City, TW",5,https://inaturalist-open-data.s3.amazonaws.com/photos/644927144/medium.jpg
353461141,https://www.inaturalist.org/observations/353461141,2026-04-25,2026-04-25T14:18:04+08:00,Aidia cochinchinensis,茜草樹,species,427860,Plantae,Rubiaceae,needs_id,0,0,,24.9673724925,121.6208586548,8,"Shiding District, New Taipei City, TW",2,https://inaturalist-open-data.s3.amazonaws.com/photos/644927471/medium.jpg
353461301,https://www.inaturalist.org/observations/353461301,2026-04-25,2026-04-25T14:19:13+08:00,Ardisia quinquegona,小葉樹杞,species,570186,Plantae,Primulaceae,research,1,1,,24.9673743294,121.6208162101,9,"Shiding District, New Taipei City, TW",3,https://inaturalist-open-data.s3.amazonaws.com/photos/644927727/medium.jpg
353461465,https://www.inaturalist.org/observations/353461465,2026-04-25,2026-04-25T14:20:46+08:00,Polyspora axillaris,大頭茶,species,627207,Plantae,Theaceae,needs_id,0,0,,24.9673494058,121.62061734,6,"Shiding District, New Taipei City, TW",2,https://inaturalist-open-data.s3.amazonaws.com/photos/644927981/medium.jpg
353461776,https://www.inaturalist.org/observations/353461776,2026-04-25,2026-04-25T14:22:48+08:00,Ehretia longiflora,長花厚殼樹,species,556250,Plantae,Boraginaceae,needs_id,0,0,,24.9673295216,121.6206314006,4,"Shiding District, New Taipei City, TW",4,https://inaturalist-open-data.s3.amazonaws.com/photos/644928394/medium.jpg
353462077,https://www.inaturalist.org/observations/353462077,2026-04-25,2026-04-25T14:26:37+08:00,Quercus sessilifolia,毽子櫟,species,627203,Plantae,Fagaceae,research,1,1,Flowering 開花,24.9673196509,121.6205808311,8,"Shiding District, New Taipei City, TW",4,https://inaturalist-open-data.s3.amazonaws.com/photos/644928941/medium.jpg
353462248,https://www.inaturalist.org/observations/353462248,2026-04-25,2026-04-25T14:35:11+08:00,Illicium arborescens,臺灣八角,species,702855,Plantae,Schisandraceae,needs_id,0,0,,24.9672157609,121.6205463567,3,"Shiding District, New Taipei City, TW",2,https://inaturalist-open-data.s3.amazonaws.com/photos/644929297/medium.jpg
353489051,https://www.inaturalist.org/observations/353489051,2026-04-25,2026-04-25T14:36:27+08:00,Vaccinium randaiense,巒大越橘,species,556541,Plantae,Ericaceae,needs_id,0,0,,24.9672157609,121.6205463567,3,"New Taipei, TW-NT-TP, TW",3,https://inaturalist-open-data.s3.amazonaws.com/photos/644971316/medium.jpg
